,0
000,3.241305342064451
05,0.22100307103256642
08,0.22100307103256642
10,0.8860145198363474
100,1.2370110718464995
11,1.2755006026199944
112,0.40589673970278034
11th,0.3211741954500933
12,0.323486495409337
13,0.39423619421867284
132,0.39444090802248544
13th,0.35368727681288964
14,0.3084970209961121
15,1.260253099017926
150,0.2936194227263961
15k,0.2856417188541681
16,0.9361891735576674
176,0.2936194227263961
1933,0.3642093282037952
1970,0.39942133892933224
1990,0.2604810434900952
1cm,0.2997103175273714
20,0.38291473708380236
200,0.38438576595957813
2012,0.22100307103256642
2015,0.3634069124149753
2016,0.3923822154639209
2017,0.42170194247151566
2022,0.38891744525586003
2036,0.32999344112962575
21,0.3805622084070952
218k,0.368934859935256
22,0.3215080008009941
23,0.4821341816010959
24,0.33376100131239245
25,0.38649979215908437
250,0.7063696971145698
259,0.3550888027756325
28,0.42170194247151566
2km,0.35142904996901264
30,1.9649354485202157
300,0.33259155806720797
400,0.2437323187577651
450,0.32365298565888306
50,0.4277462603983164
500,1.302737727023501
50th,0.331433549892662
54,0.38308307001403424
57,0.36876162859328415
570,0.34688526272870346
5k,0.37473405457650083
60,0.23594816415545702
6491,0.392033470125592
666,0.35368727681288964
675,0.3928076049617282
70,0.6840000913285601
79,0.3587017855799317
80,0.5436849416549875
89,0.3716650916386957
8m,0.3550888027756325
8theist,0.38878363945514405
911,0.3215080008009941
92,0.34214640665439966
92nd,0.3783009735581826
93,0.31466182311180024
99,0.3642093282037952
a0rnsk5,0.2635095859481967
a1,0.3421809120517913
aaron,0.408140169022794
abandon,0.393969025789825
abil,0.2986300989346174
abort,0.9222628148627339
about,2.6099934066082744
abov,0.4262796532242157
absolut,0.26001188253508395
abstinence,0.20282353409903914
abus,1.029334406057039
ac,0.27934907049869434
academ,0.391277499118403
accept,0.3265650238001709
access,0.9675388669826455
accid,0.41472291831421426
accident,2.916604489984947
acclim,0.3926379529948718
account,0.6605710146171695
accus,2.277122956296298
acquir,0.2870602584269792
across,0.33259155806720797
act,0.8303175322078904
activ,0.31945645451671434
actor,0.6864764603546827
actual,0.4495192580957892
ad,0.516596938277499
adam,0.2772699280511723
adel,0.46627409424258814
administr,0.3541699129162968
admiss,0.4530176785060169
admit,1.3748728287725045
adult,0.38832775077432935
advertis,0.7484930244175242
advis,0.2947932120479112
affair,0.3891816648985404
african,0.44511999881542863
after,5.217446887990144
afternoon,0.34602459559748006
again,0.6497914919848438
against,1.0946497266805517
age,1.1498132105201542
agenc,0.352757652567884
agent,0.5472789183042119
ago,1.233574742690322
agoni,0.323486495409337
ahead,0.5356694885605409
aid,1.528660935862128
aiken,0.30605983613077653
air,1.463680402937276
airlin,0.2593843918622147
airport,0.4576948079365328
airtight,0.3323305367257978
airwav,0.33632722646302515
alabama,0.37965775330859286
alarm,0.5143559103025638
alberta,0.41788849176041154
album,0.5708446233782518
alert,0.3648022080267944
alien,0.379514909030286
all,1.3967001046202523
alleg,0.6346638157907034
allen,0.3443044693556034
allergi,0.34864273231413667
allianc,0.33652101729614137
allig,0.394620880008169
allow,0.8038813063088206
alma,0.28100498838045546
aloft,0.2949144380374746
alongsid,0.37496525905044814
also,0.4692072969735126
alt,0.28576006188232406
am,0.3677499468591392
amazon,1.2330277841589463
ambassador,0.3579406633596323
ambul,0.3236946074717188
amend,0.38878363945514405
america,2.2979710809301257
american,2.99521614736174
amid,0.393969025789825
among,0.4187565350250835
amp,0.8709478068767065
amput,0.6006014188683827
amulet,0.21208654019588413
an,2.162897660927824
ancient,0.734552933881842
and,5.99913769212221
andrew,0.2437323187577651
android,0.22209127572870443
angel,0.6430058406753403
anger,0.6636952691117851
angler,0.2997103175273714
ani,0.8952271153491071
anim,1.8580463879097149
anna,0.44313778821633265
announc,2.355888308551926
annoy,1.21118754879921
annual,0.34748819294664834
anonym,0.31224848425094254
anoth,0.30772466322245773
ant,0.4821341816010959
anthem,0.36703557896918165
anthrax,0.39752755823211466
anti,0.9267315105021539
antisemit,0.40680616057075186
antonio,0.3271561664054543
anymor,0.5226631054635931
anyon,0.9950064754128847
anyth,0.7413006543094136
apolog,1.2773561618168503
appar,0.6355098489779649
appeal,0.6236240444795569
appendix,0.38926300121406043
appl,0.40619056623366684
appli,0.35160108207650503
appreci,0.3345704458138464
approach,0.3079318420246793
approv,0.3850285601598834
ar,0.30852454761825965
arabia,0.7692252944521318
are,2.165246456320735
area,0.4565010144844085
argu,0.2772699280511723
argument,0.33058792071642096
arizona,0.3511283894775415
arm,1.101643613597996
armi,0.3327443158451206
armstrong,0.29989202028018636
around,0.6631260847283996
arrest,4.797759426317603
art,0.39444090802248544
articl,0.3987111598983276
articul,0.4086574372289908
artifact,0.3386810211420915
as,3.6845563912856263
ash,0.36345387497084464
ask,2.6627165699035698
ass,0.3167943846288635
assault,0.9263175410516951
assembl,0.394184207152238
assign,0.2788190488383219
associ,0.5127275339821112
assum,0.7526210099067963
astronom,0.3368313935703527
at,3.6430341160393493
athlet,0.6554669322611526
atom,0.5156260623232428
attack,0.8855380078762755
attain,0.5016748183938304
attempt,0.6289304182801995
attend,0.9274982917182668
attorney,0.36709395891624264
audienc,0.5162394648679856
audit,0.39650984843355846
aunt,0.33058792071642096
australian,0.3984683570008594
austrian,0.4087184050640554
author,0.79288281947851
autism,0.7320208828759944
autobahn,0.41472291831421426
avail,0.7177171679255261
aveng,0.4596581929357111
avenu,0.3211741954500933
avoid,1.0000318485315667
aw,0.35151828908696525
awar,0.22209127572870443
award,0.6043255334722788
away,1.2576359751257344
awkward,0.4176731668450205
babi,0.7304272699885763
back,2.3857720162643354
backer,0.33693304491930864
background,0.6073548129914415
backpack,0.705798016708278
bacon,0.34511909299084126
bacteria,0.3336802722215506
bad,1.3273256098302766
badg,0.2966180400487654
baffl,0.6015562503605865
bag,0.4596231754259491
bail,0.40488797976425484
ball,0.6470321933814924
ballist,0.3648022080267944
ban,3.3772188771405105
banish,0.2772699280511723
banist,0.367750098818149
bank,0.9000511950456755
bannon,0.31567902863926817
bar,0.8434561962449061
barack,0.5356168278574034
barber,0.3221487056092684
barbi,0.8751557486290089
bare,0.2951589825213128
barn,0.31039924411484215
bas,0.33672130977993703
base,0.2788190488383219
basebal,0.6400586402358854
basi,0.4077528109909592
basic,0.743518939850763
basketbal,0.5281447472432035
bathroom,0.7124160079196689
bathtub,0.28764379943772045
batter,0.4393798143221492
battl,0.6011998804723833
bay,0.3306387671990977
bbc,0.32078601152534963
be,3.6557378141354127
beach,0.3972297052068683
bean,0.6528198080698913
bear,1.4166070874627583
beard,0.4027363112338014
beast,0.394620880008169
beat,1.0100200927198302
beauti,0.8747680713435323
becaus,1.4548534457459967
becom,1.3485770170493216
bed,0.8170608565059629
bedroom,0.48222483975206254
bee,0.3919330458822425
been,0.2772699280511723
beer,2.0609376852523895
beetl,0.3602119828665945
befor,1.087198458484803
behind,1.3575593176986704
beij,0.41172841416892797
belaru,0.5049071284815045
belgian,0.37473405457650083
believ,1.0283236881789075
ben,0.31443712562545134
benadryl,0.3728660539708271
beneath,0.29713996604879067
benefit,0.680388402997735
best,1.093207379282378
betsi,0.3583949226738315
better,0.48952052776950744
between,0.853090065350501
beyond,0.24157801543940796
bezo,0.2795024309750911
bi,0.3602119828665945
biden,0.34641606527648466
bieber,0.38900302038941315
big,0.9726744363703399
bigfoot,0.35402327668451916
biggest,0.32999344112962575
bike,0.7771413524945135
bikini,0.3300739315374728
bill,1.386570394288129
billionair,0.33693304491930864
bing,0.36889604268818393
biolog,0.30286549770187915
bird,0.7672759964384221
birth,0.6095541787381258
birthday,0.7600173113368898
bitch,0.5232016741498342
bitcoin,0.6309150117171147
bite,1.0035746656836424
black,1.0915323107039978
blackjack,0.33788556968039063
blade,0.42937052839293743
blame,1.5468736440877395
bland,0.33731699257735553
blast,0.8691659222738453
bleach,0.4117481781638764
blender,0.34862092516063753
block,0.34376517333897016
blog,0.7128059610669867
blood,0.48015753050874727
blow,0.2947421096900694
blown,0.280828269839309
blue,0.7446919025762341
board,0.7162850418777295
bobbi,0.3210898941185046
bodi,1.5449073488404772
boehner,0.38103817941436907
bold,0.24386946796740264
bono,0.29497568679603675
book,0.9506339351298196
boost,0.36876162859328415
border,0.35225490525619446
borderland,0.6030737921351432
bori,0.32621230501222565
born,0.47120029172679967
borrow,0.3840364143827103
boss,0.6421477995319689
boston,0.28780086962230667
both,0.21208654019588413
bought,0.6535048912373029
bowl,0.6482877687556542
box,0.5475975910084048
boy,2.319829351487722
boyfriend,0.6607887008735387
brace,0.277217808492325
bradley,0.39423619421867284
braff,0.3468318977039663
brag,0.2813593818864332
brain,0.4130170967376122
brainwash,0.5703888312958575
brake,0.3236946074717188
brand,0.3540505006810139
branson,0.23241863429309478
brazilian,0.7465990492870274
breach,0.40817478109444144
bread,0.3165638550781686
break,1.2865668027164294
breed,0.31557379564824556
brexit,0.32621230501222565
briberi,0.35510133656170395
brief,0.2664690566060234
brien,0.26001188253508395
bright,0.39326103068965396
bring,0.9712361054769367
bristol,0.40878575566362557
brit,0.3145579408377336
broadcast,0.3667910484076922
bromanc,0.34424059940919916
bronx,0.3668463122899239
brook,0.3846009048938093
brother,0.9153205800562887
brown,0.3187778912848808
browni,0.3752965143030092
brutal,0.35926674657418906
bu,0.9404162422147032
bubbl,0.4276665323529534
budget,0.6885331865529598
build,1.1038550033145018
built,0.20282353409903914
bull,0.35277008234185153
bullet,0.3050399417270753
bulletproof,0.8067530638459675
bulli,0.25942550932409675
bunch,0.41788849176041154
bunkerâ,0.27014948110775
burglar,0.6597718743296888
buri,0.7478873074123196
burst,0.280828269839309
bush,0.5138679357344563
busi,0.45941605323150114
bust,0.4130170967376122
but,0.584698244981114
butt,0.39924449957572683
buttock,0.391277499118403
buy,0.29989202028018636
by,3.207707878245861
ca,0.3987111598983276
cabinet,0.34758061869466966
cadet,0.34748819294664834
cake,0.6646403518241664
calendar,0.3923822154639209
california,0.3682453277051559
call,3.868631125043882
calori,0.4391854493558015
cam,0.39527196406268755
came,0.3833915033668265
camera,0.3007102844448494
camp,0.2936194227263961
campaign,1.107438007155831
campu,0.3850285601598834
can,2.7318619653012197
canada,0.3642093282037952
cancel,0.3667910484076922
cancer,1.0349313508834233
candid,1.6550061941178043
cap,0.6839531181886735
capitol,0.2949144380374746
capsul,0.42575275033044724
captain,0.3794696992858906
car,4.038720049783495
care,0.6701893786009
career,0.6367628970037849
caretak,0.5773502691896258
carli,0.3363265497226081
carolina,0.29748018194053993
carri,0.39423619421867284
carrier,0.2916183019144818
carson,0.31443712562545134
carv,0.24157801543940796
case,1.227203271459203
casino,0.2924320639122033
cast,0.25942550932409675
castl,0.40607181721036134
cat,2.353534751106173
catacomb,0.29713996604879067
catapult,0.2916183019144818
catch,0.7104919245834316
cathol,0.39500144099256074
caught,1.1943544571119173
caus,1.2939355664008299
celebr,1.5654677022185255
cell,0.3356949404736087
censor,0.6959788351153005
censorship,0.37093798913044423
central,0.2730219613613261
ceo,0.6750268679323419
cereal,0.5496886284421636
ceremoni,0.36754968573904856
chain,0.4385314992893665
chair,0.3221487056092684
chalkboard,0.31945645451671434
challeng,0.3712044561406281
champion,0.35225490525619446
championship,0.6446789306963467
chanc,0.3368313935703527
chandeli,0.2731501650528957
chang,1.0593194054842177
chao,0.6862741851627991
chapel,0.33742832525163075
chapo,0.3540505006810139
charact,0.31402524191851383
charg,1.453388837702672
chariti,0.6426637205509398
charlott,0.322438371135956
charm,0.3238339154282883
chase,1.110523988425161
cheap,0.3443044693556034
cheat,0.25942550932409675
check,0.3479942917435611
checkpoint,0.7138495887441645
chees,0.8785206157561375
cheeseburg,0.3210898941185046
chess,0.4180889704745874
chew,0.3050635315885808
chhattisgarh,0.40488797976425484
chicago,0.7604204433304024
chicken,0.5966826678631745
chief,1.2530021776820175
child,2.136019729703892
childless,0.3415711092284305
children,1.7635102067928732
china,2.432348977578677
chines,1.0280344192260418
chocol,0.34769252777551174
choos,0.3300739315374728
christian,0.385431120352308
christma,0.4290240716473235
chrome,0.34376517333897016
chronotaur,0.6084706022971174
chug,0.389289670707701
church,0.7550620408690631
cia,0.6447916424457933
cinema,0.3615142083326967
cite,0.3528111351974872
citi,0.9288303718436215
citizenri,0.29498395856191195
citizenship,0.3642093282037952
civilian,0.3442762727461554
claim,0.6725240332998177
clap,0.5049071284815045
clarifi,0.2846461239903815
class,1.2701758686546412
classmat,0.42575275033044724
classroom,0.3664014419902401
clau,0.4703371784419402
clean,1.111918742341993
cleanli,0.34181219023934406
clearli,0.3050635315885808
clerk,0.3459515845191307
cleveland,0.29460743328849953
clickhol,0.405591712775241
climat,0.28951677609599347
climb,0.3438410674991191
clinton,1.0940286385818732
clip,0.2957724599059986
close,0.3731120374834451
closer,0.38469101295292885
closest,0.33652101729614137
cloth,0.6020736625391454
cloud,0.42675294195820057
club,0.39650984843355846
clutch,0.3079318420246793
cnn,0.3792405580670638
coach,0.321504641256092
coast,0.6868480346784243
cocain,0.34838265704668103
code,0.19169575168341324
coffe,0.39924449957572683
cohen,0.30772466322245773
coin,0.3706896548989491
cold,0.3984683570008594
colgat,0.352546861617222
collaps,0.29748018194053993
colleg,0.6425225720033506
color,0.3808116733542546
colorado,0.38105170241529
columbia,0.19169575168341324
com,0.22100307103256642
coma,0.46627409424258814
comcast,0.34393787573718715
come,1.8795732704584922
comedian,0.36345387497084464
comey,0.35563694456140404
command,0.4385314992893665
comment,0.2846461239903815
commit,0.35910520637436755
committe,0.3583949226738315
commun,0.24157801543940796
commut,0.4230076451808331
compani,1.5382603105925878
company,0.28708825343646893
compat,0.29460743328849953
compel,0.37471056511680323
competit,0.33788556968039063
compil,0.35112012770038514
complain,0.4305410934156883
complet,0.2850199632819978
complianc,0.19169575168341324
con,0.42735558545356367
conan,0.26001188253508395
conceiv,0.30605983613077653
concentr,0.2870602584269792
concert,0.2437323187577651
conduct,1.0612032698060094
confeder,0.6670686360249516
confid,0.4467599179746815
confirm,0.3682453277051559
confisc,0.3306387671990977
conflict,0.2437323187577651
confus,0.4434779961277886
congress,1.0503431828925631
consequ,0.7344288483395388
conserv,0.6360181095634849
consid,0.3762107863700289
conspiraci,0.2941786959897014
construct,0.4323800088527545
contact,0.3387971908654665
contain,0.9672078595455136
contempl,0.2903301627483838
contest,0.3300739315374728
continu,0.613361658435218
contractor,0.3538976703752602
contributor,0.3792405580670638
control,0.7795860867953064
convers,0.3221487056092684
convict,0.39500144099256074
conway,0.3576042990371342
cook,0.2903801344587544
cooki,0.61847072747622
cooler,0.41327955325939275
cop,2.9726000948119204
corrupt,0.3891816648985404
cosbi,0.7396109781065828
cost,0.6457661871804374
costa,0.39604016552756993
costum,0.6934876787097648
cough,0.2914984273446363
could,2.256446832714348
couldn,0.31466182311180024
council,0.47120029172679967
counselor,0.35508170942941353
count,0.4325661182259956
counter,0.5592958275876879
counterpoint,0.21690433040108525
counti,0.5060702345045252
countless,0.3443044693556034
countri,1.238526367128556
coupl,0.3972297052068683
cours,0.3070776286450058
court,0.933012812030218
cover,0.5860055536272988
cower,0.2731501650528957
cowork,0.35204911378198134
crack,0.40466043200389573
crackdown,0.34768747260485144
crackl,0.33632722646302515
crap,0.394088492362126
crash,1.7844906362075645
creat,0.8182754851372334
credit,0.6139182616476186
creek,0.2936194227263961
creep,0.34087012615967366
creepi,0.35957923320777874
crew,0.8931881108485104
cri,0.3678648762838122
crime,1.094022772660085
crimin,0.44012448363853557
crisi,0.31911529351865164
crowd,0.31647780382516033
crowdsourc,0.3363265497226081
crude,0.2936194227263961
crutch,0.3760705592226337
cruz,0.6311604140300171
crystal,0.9908923365850822
cuba,0.45941605323150114
cucumb,0.41643747468195225
cum,0.3846009048938093
cup,0.9196531973161848
cure,0.7563408181467349
currenc,0.2870602584269792
curriculum,0.36975166512822794
curs,0.4903205316184982
custodi,0.690902061251851
custom,0.9856632824913167
cut,0.5788066499457472
cute,0.3678702387712473
cuyahoga,0.2788190488383219
cycl,0.6758266680843046
cyclist,0.40111427285797024
czech,0.3300739315374728
da,0.36709395891624264
dad,1.8637265201998812
daesh,0.36889604268818393
daili,0.405591712775241
dakota,0.2936194227263961
dalla,0.3050399417270753
dame,0.3919330458822425
dan,0.3050399417270753
danc,0.4926519926488638
danger,0.3663765276693869
dare,0.32365298565888306
date,0.663919129832621
daughter,0.7485563603308433
day,3.6645578508069225
dc,0.27934907049869434
dead,1.7557509158931037
deadli,0.977499515832977
death,1.2529614601842156
debat,0.41111509145767317
debut,0.40619056623366684
decade,0.3070776286450058
decid,0.9965038076332928
decis,0.29989202028018636
declar,0.9312561965342261
decor,0.32365298565888306
dedic,0.34393787573718715
deep,0.2941786959897014
deer,0.7491244207355675
defec,0.37471056511680323
defens,0.634526043402031
defiant,0.2949144380374746
defin,0.3070776286450058
definit,0.25087277765304866
deform,0.47120029172679967
deft,0.3165541125800432
delet,0.3608607707823029
deliveri,0.7146612531542258
demand,1.757620373323804
democrat,0.3210898941185046
deni,2.123899455060071
dental,0.6263352990983473
denver,0.35402327668451916
depart,0.35102725927245626
deposit,0.27633682961177713
depress,0.33280568501458874
deputi,1.4130487205705198
desanti,0.2846461239903815
descend,0.2997103175273714
desert,0.40243765255104313
deserv,0.2788190488383219
design,0.2765566332319506
desper,1.1750898155859395
despit,0.3642093282037952
despond,0.2795024309750911
destruct,0.27014948110775
detach,0.33632722646302515
detail,0.2922374924596825
detain,0.7041895403186647
detector,0.392033470125592
detent,0.3860995015096988
deterg,0.65007068088794
detriment,0.3978865096195528
detroit,0.3708929890344282
devil,0.34013525604312506
devo,0.3583949226738315
devon,0.2657044210747172
devot,0.3850285601598834
devote,0.35402327668451916
dial,0.3215080008009941
dialogu,0.2694244481271364
dictat,0.3012674794904032
did,1.0562591329854851
didn,0.5471089011756437
die,3.1092933081062255
diego,0.3358881406681791
diffus,0.38855983201568295
dig,1.0309950450240044
digit,0.2847694702636471
dinn,0.34758061869466966
diploma,0.3699507222403093
director,0.6001356400418232
disabl,0.3438410674991191
disappoint,0.33731699257735553
disarray,0.22315086580417104
disast,0.3664014419902401
discourag,0.2847694702636471
discov,1.4893268962329116
disease,0.30973298464680415
disembark,0.3285491130469319
disguis,0.39582718336481926
dismemb,0.29713996604879067
dismember,0.3840364143827103
disney,0.5400532928454704
disown,0.5343176510485912
displac,0.379514909030286
disrupt,0.47120029172679967
distract,0.29498395856191195
distribut,0.4290240716473235
district,0.6152471451266551
disturb,0.298377988201481
dive,0.35142904996901264
diver,0.4277462603983164
divers,0.9973408912301541
divid,0.34180623755657197
divorc,0.2795024309750911
divulg,0.4077528109909592
dj,0.2604810434900952
do,1.4330839258816037
doctor,1.0095032256364855
dod,0.2867013590655444
doe,0.367750098818149
doesn,0.3415711092284305
dog,2.7059650312747605
doll,0.7130956303952735
dolphin,0.22100307103256642
dolphins,0.22100307103256642
dominican,0.3639282276549208
don,0.33385691176581095
donald,0.22315086580417104
donat,0.9167730210300046
done,0.4357193597593335
donut,0.5363339623051693
doofu,0.2881555537571003
doom,0.4525688213509218
door,0.2765566332319506
doubl,0.30286549770187915
doubt,0.3802565997733543
doughnut,0.3079318420246793
down,1.6937088062079233
download,0.38599646290184314
dozen,0.4565010144844085
draft,0.31567902863926817
draw,0.7802980203007763
drawn,0.705294650776704
dream,0.326751453067356
dress,0.9953594606882964
drink,1.4175896138750197
driv,0.4396086975603016
drive,2.6801456857131463
driven,0.40878575566362557
driver,2.0808537114671575
drone,1.0204689349704343
drop,0.6357634909117066
drown,0.5773502691896258
drug,3.118933221003711
drummer,0.5673680224987454
drunk,0.3402699121426296
dryer,0.36962294592316663
dude,1.0692021979604165
due,0.2856417188541681
duffel,0.28764379943772045
dui,0.4251380085273202
dummi,0.29713996604879067
dure,1.349938983701605
dutton,0.3891816648985404
dvd,0.29989202028018636
dy,1.0080136968651656
ea,0.20150632082293374
each,0.6685572149456758
earbud,0.33632722646302515
earlier,0.2731501650528957
earn,0.2795024309750911
earth,0.5327498786914536
easier,0.33733587808323734
easili,0.3323305367257978
east,0.34236006737323005
easter,0.7401666530136888
eat,1.654260742945195
ebay,0.36345387497084464
ebola,0.6637604816845304
eccleston,0.35510133656170395
economi,0.4152687083117359
ecosystem,0.27934907049869434
ecstasi,0.39318121168174675
eden,0.2772699280511723
editor,0.3734626853633327
educ,0.20282353409903914
edward,0.4624231133553691
eeri,0.34087012615967366
effect,1.6322010719201696
eg,0.42577244599819025
egg,1.2696158178594668
eiffel,0.2654474478152333
eight,0.4497455433025525
el,0.3540505006810139
elderli,0.4645244163322634
elect,0.946157176555833
electromagnet,0.2916183019144818
elementari,0.3050635315885808
eleph,0.2654474478152333
elizabeth,0.3783009735581826
elliot,0.34151771986334384
els,0.3161166046745571
elton,0.28897822514315763
elyse,0.3319485850684812
email,0.7363408148772019
embarrass,0.4086574372289908
embed,0.3197276042709733
embrac,0.28708825343646893
emerg,1.0790086065364144
emiss,0.2721490686950539
emmanuel,0.3319485850684812
emment,0.3012674794904032
emot,0.751330361780062
employ,0.368934859935256
employe,1.3741811640068144
encas,0.30852454761825965
encourag,0.3434259826467564
end,1.0771132123483684
enforc,0.3978865096195528
england,0.2997103175273714
enhanc,0.39924449957572683
enjoy,1.342554631614972
enough,1.1107517922700696
enrich,0.42398679879433954
enter,0.5928240166175311
entertain,0.34758061869466966
entir,1.6599700426088893
environ,0.28283258886202006
environment,0.2721490686950539
epitom,0.39704846362068996
epstein,0.2664690566060234
equip,0.3336802722215506
erect,0.3468318977039663
erica,0.19169575168341324
erotica,0.35402327668451916
escap,1.0221255819325283
estat,0.5171619593224914
euclid,0.42577244599819025
europ,0.4356513538276935
evacu,0.4576948079365328
evad,0.45954839505533585
eve,0.2772699280511723
even,1.537786505182117
ever,1.5675741546890414
everest,0.322438371135956
everi,1.7589502759372744
everybodi,0.7930141839335427
everyon,1.1687380109652912
everyth,0.7212998460982842
evid,0.5709342574032943
ex,0.6787878557925721
exact,0.21208654019588413
exactli,0.30772466322245773
except,0.34376517333897016
excess,0.3605251506118055
excus,0.3568127691193332
execut,0.6362042586336611
execution,0.4497455433025525
exercis,0.7451791996897229
exhaust,0.3084970209961121
expect,1.0059081851836582
expedit,0.322438371135956
experi,0.701119012638395
expert,0.7366570887152339
expir,0.5085839772378584
explor,0.30973298464680415
explos,0.3670988190598369
expos,0.7071508533657951
express,0.280828269839309
expuls,0.355862300355429
extent,0.44012448363853557
extrem,0.22209127572870443
ey,0.618361510007825
eye,1.0621106953243848
eyebrow,0.4182733964351047
face,1.3978374357783392
facebook,1.0202618880284167
facsimil,0.34087012615967366
fail,0.8245964081758139
faint,0.298377988201481
fair,0.8285434484729304
fake,1.5661619878859572
fall,1.1132317157347416
fallen,0.3760705592226337
fame,0.2704349002993264
famili,1.9209725232000006
fan,1.7144353534593437
fap,0.2847694702636471
farc,0.2997103175273714
farewel,0.31446101843473073
farmer,0.3678702387712473
farrakhan,0.40680616057075186
fast,0.30379414132928795
fat,0.6950655036004391
father,0.8831188364805047
favorit,0.28897822514315763
fb,0.3987111598983276
fbi,1.2943758786079358
fc,0.2657044210747172
fda,0.703866519361751
fear,0.7667773058591341
featur,0.29101514861354677
februari,0.42170194247151566
fece,0.5431369384407112
fed,0.7688851679856454
fee,0.3536845478187251
feed,0.36366444833053463
feel,1.4602680089951514
feet,0.33639253592443996
fema,0.3717205231293414
femal,0.3559827686477072
ferri,0.7559289460184545
fertil,0.3852801553743647
fetish,0.31647780382516033
few,0.3360984781640486
field,0.2813593818864332
fifa,0.3634069124149753
fifti,0.36854715734924515
fig,0.2903301627483838
fight,1.5267516100793652
fill,0.5956412734933572
film,0.34768747260485144
final,1.092942195338944
financi,1.4570560549883265
find,5.237070000806397
finder,0.3924619912476045
fine,1.2950653151117733
finest,1.0749855758774258
finger,0.3753678968501403
finish,0.7404757440982281
finnair,0.35368727681288964
fire,1.913948737015836
fireplac,0.3319485850684812
first,2.2406998291640603
fisher,0.42595191169621527
fit,0.41415995699454505
five,0.9952789917809163
flag,0.6347074785150715
flail,0.3858616962841898
fleet,0.3285491130469319
flesh,0.6045744077000332
flew,0.33742832525163075
fli,1.8984342653443558
flight,1.409576864185869
flightpath,0.4372150079051884
flint,0.4148674483412734
float,0.21208654019588413
flood,0.34181219023934406
floodwat,0.3849536563442342
florida,2.074891105021016
fluid,0.368934859935256
focu,0.3360984781640486
follow,0.4033553453292873
fondli,0.3613960325401343
food,1.4054664508039545
fool,0.39582718336481926
foot,0.8924195031977429
footbal,0.2301377928490736
for,6.918834656605963
forc,2.509964290211434
forcibl,0.6884492286392307
ford,1.1353861354211356
forest,0.31557379564824556
forev,0.4152687083117359
forfeit,0.3863838425144647
forfeitur,0.31121096862774866
forget,0.6637832051353991
forgotten,0.21208654019588413
form,0.3583949226738315
former,0.9898086247432105
formula,0.6612634245117441
forward,0.623531269419948
fossil,0.2881555537571003
foster,0.386931458878414
fought,0.3204956145285132
found,1.643973500429042
four,0.45446828852730325
fourth,0.7305917204655964
fox,1.3411973002209439
frack,0.3587017855799317
frantic,0.6669753874802309
freak,0.47120029172679967
free,1.2675345412404813
freeway,0.34688526272870346
french,1.1964603768450945
fri,0.3920183631582826
friday,0.35368727681288964
friend,1.5865369487232912
friendship,0.33652101729614137
from,3.479674286272128
front,1.4338555636567671
frozen,0.39942133892933224
frustrat,0.7155172417256078
ftw,1.034381614107308
fuck,1.6646494371848397
full,0.6097741972849557
fullest,0.44012448363853557
fun,0.24157801543940796
function,0.2870602584269792
funderdom,0.38599646290184314
funer,0.4298617031224221
furi,0.391277499118403
gallon,0.2936194227263961
game,2.3184346095976265
gang,0.7094237743048297
ganymed,0.3387971908654665
gap,0.352546861617222
garag,0.31224848425094254
garden,0.3701800614193654
garland,0.2949144380374746
gate,0.2301377928490736
gaug,0.2850199632819978
gaunt,0.2926412014114207
gave,0.5309300942486088
gay,1.6587303978944001
gear,0.5432974681041477
geddi,0.33632722646302515
gener,0.6038213360968294
geod,0.32365298565888306
georgia,0.36709395891624264
gerald,0.2916183019144818
german,1.1462068870465454
germani,0.3802565997733543
get,5.230349293948591
gger,0.43835586555015676
ghettotech,0.2604810434900952
ghostli,0.298377988201481
giant,0.3085950681496834
gift,0.32365298565888306
gillett,0.2301377928490736
girl,1.3156222127985557
girlfiend,0.3840364143827103
girlfriend,0.6711660378674585
giuliani,0.3846754780353433
give,2.5986751837909137
given,0.3672989239764119
glass,0.30852454761825965
globe,0.29497568679603675
go,2.240442778903002
goal,0.29498395856191195
goat,0.7957033068576633
god,1.5258569538634263
goddamn,0.5727181085178245
godfather,0.2604810434900952
goe,0.3165638550781686
gofundm,0.684778095975112
gold,0.5599818651321798
golden,0.3654448637757322
goldfish,0.3531772743416098
golf,0.6334760496261067
gon,0.24386946796740264
good,1.322007130148021
goodel,0.2301377928490736
goodwil,0.3923400028970203
goofi,0.2947421096900694
googl,1.0182242100482153
gorilla,0.41687912928797555
got,1.3963068575366926
gov,0.3050399417270753
govern,1.4852419555872198
governor,0.34769252777551174
grad,0.6140017138920064
grader,0.7353736366603789
graduat,0.7374998238294468
grail,0.38099617808685593
grand,0.2730219613613261
grandchildren,0.3296558302099052
grandfath,0.30528844585684767
grant,0.36068206312638046
grass,0.19169575168341324
grave,0.6970645836521566
grayson,0.3443044693556034
great,1.1128667702704842
green,1.0160721811596103
grey,0.36854715734924515
grill,0.34087012615967366
groceri,0.2856417188541681
ground,0.3712044561406281
group,0.7131868198815934
grout,0.352546861617222
grow,0.4027363112338014
growth,0.29460743328849953
grunt,0.40466043200389573
guard,0.681117866369823
guest,0.30304199923010355
guidelin,0.41172841416892797
guitar,0.3454865417453577
gun,3.509162772546263
gunk,0.40060585408143157
gunn,0.28708825343646893
guy,1.3152929548686267
gym,0.6682230401832219
ha,3.1184180756421758
hacker,0.6689917949005311
had,1.011955796031176
haggl,0.29101514861354677
hairi,0.3374360964638408
halcyon,0.2793188405334975
hall,0.8787792577437356
halliburton,0.37496525905044814
halloween,0.277217808492325
ham,0.31557379564824556
hamburg,0.34087012615967366
hammett,0.3454865417453577
hamster,0.6537404002796137
han,0.20150632082293374
hand,2.0608259070405093
handcuff,0.4668560107508109
handyman,0.4776841854032662
hang,0.23241863429309478
hanniti,0.2941786959897014
hapless,0.3678702387712473
happen,0.6009219761838502
happi,0.35368727681288964
harass,0.5558834178908123
hard,0.38438576595957813
harpercollin,0.3528111351974872
harri,0.3376070949736617
harvard,0.6121707651647295
harvey,0.6347367139253832
hat,0.3843514540813964
hate,0.7754698710704919
have,3.1394847388522984
havin,0.21690433040108525
hawaii,0.6442035306814702
he,4.173157291282268
head,1.479906057718182
health,0.7566790953341698
healthi,0.25087277765304866
healthier,0.280828269839309
hear,0.35563694456140404
heartwarm,0.2924320639122033
heaven,0.7144594713632235
hel,0.35368727681288964
helium,0.27633682961177713
hell,0.7071067811865476
help,1.3067193062818756
henri,0.3708929890344282
her,1.4237861726089196
here,0.7351647581898386
hero,0.9767762815087758
heroin,0.35151828908696525
hi,3.7075292510845577
hide,0.2616185084234168
high,1.9091977105375542
highest,0.4148674483412734
highway,0.37496525905044814
hike,0.3365305070785668
hillari,0.8667529365458657
him,1.5833446862263325
himself,0.7666704972995351
hip,0.5843382319057966
histori,0.8531396115244709
historian,0.2694244481271364
hit,2.8841516755994467
hoard,0.3706896548989491
hobbi,0.3386810211420915
hobbit,0.3327443158451206
hock,0.32368077617262986
hold,0.5792128571731119
hole,0.3538976703752602
holi,1.020748506635409
holiday,0.33280568501458874
hollow,0.2926412014114207
home,2.1546985865852606
homeland,0.36068206312638046
homeless,0.8405273374570219
homeopathi,0.41201341988669843
homophobia,0.386931458878414
homosexu,0.386931458878414
honest,0.277217808492325
hooter,0.3358881406681791
hop,0.5843382319057966
hormon,0.30286549770187915
horn,0.3809200056750615
horoscop,0.42170194247151566
horrifi,0.4298617031224221
hospit,0.866409095054653
host,0.531122351842261
hostag,0.3215080008009941
hot,0.7587778443541191
hotel,0.3145579408377336
hotlin,0.6279951285790304
hour,2.128220491738236
hous,3.894336308981926
how,1.418663641714839
http,0.22100307103256642
hubbl,0.3387971908654665
hud,0.31443712562545134
hug,0.655556630726984
huge,0.6744404597864413
hulu,0.24386946796740264
human,2.279478769444958
hundr,1.2526531072720872
hunger,0.6146681237417221
hungri,0.38649979215908437
hunt,0.714025978659971
hurrican,1.2658860671996293
hurt,0.5889990037139018
husband,1.501662195181987
hutu,0.36068206312638046
hybrid,0.31557379564824556
hyena,0.34236006737323005
hygien,0.31402524191851383
hypocrit,0.3050399417270753
ice,0.7282023085624034
icon,0.2793188405334975
id,0.2966180400487654
idea,0.41415995699454505
ident,0.39582718336481926
idiot,0.8078285518484133
if,1.3847221416690336
ill,0.570666749872161
illeg,1.7799805699371447
illinoi,0.34769252777551174
imag,0.298377988201481
immedi,0.581219282946127
impal,0.39960702553720473
impoverish,0.326751453067356
impregn,0.3852801553743647
impress,0.723258048141878
improv,0.44193260947283886
in,9.29368296538645
inadvert,0.3489794247279737
inaugur,0.3846754780353433
incest,0.33731699257735553
includ,0.2867013590655444
incognito,0.2730219613613261
incom,0.42735558545356367
incompar,0.2758494705765841
inconsider,0.43496017469105563
increas,0.837729534937858
incred,0.8926930361038804
indentur,0.38891744525586003
indian,0.29460743328849953
indiana,0.28780086962230667
individu,0.3211593326015857
industri,0.904173472584763
inept,0.3602119828665945
infant,0.5067158982387979
infield,0.4806110804429602
inflect,0.2604810434900952
inflict,0.3564419021137924
influenc,0.33693304491930864
info,0.27633682961177713
inform,0.5878479328280375
infuri,0.2922374924596825
injur,0.3714924645269553
injuri,0.2813593818864332
inmat,0.4033553453292873
inmates,0.38917905209153925
insid,0.41917851821896884
insist,0.2351685892209701
inspir,0.352757652567884
instagram,0.31911529351865164
instead,1.1472515198118267
insuffici,0.33693304491930864
intellig,0.31911529351865164
intend,0.2846461239903815
intergalact,0.3285491130469319
intern,0.6963522497946373
internet,0.37093798913044423
interrupt,0.3319485850684812
into,1.791275703418501
introduc,1.174906448043803
intrud,0.3382668000250491
invas,0.31852034294660747
investig,0.3891816648985404
investor,0.42947464072532227
invinc,0.4152687083117359
invis,0.6663079545761326
invit,0.39752755823211466
iowa,0.5971866641204513
ipad,0.4576948079365328
iphon,0.7015331755427645
iranian,0.42398679879433954
iraq,0.3386810211420915
irish,0.6454308352164622
irma,0.2876589465882276
is,5.025863465887571
isi,0.8550169800793743
islam,0.6753892477299923
island,0.23241863429309478
isra,0.3678648762838122
israel,0.7097239956198058
it,5.305510942112798
itself,0.34087012615967366
ixzz1unvlgbuf,0.22100307103256642
jackass,0.43496017469105563
jacket,0.2765566332319506
jackpot,0.3550888027756325
jail,0.6910865442726954
jame,0.5621836260686089
japanes,0.34181219023934406
jeb,0.5138679357344563
jeep,0.2588199197504602
jeff,0.5929299311220481
jefferson,0.14275830820756966
jeffrey,0.2664690566060234
jepsen,0.3363265497226081
jeremi,0.2730219613613261
jew,0.40680616057075186
jimmi,0.19169575168341324
joakim,0.35277008234185153
job,0.957060535793899
joe,0.28155982444100625
john,1.0428007279419673
johnson,0.32621230501222565
joke,0.7360984679334535
jong,1.1004014381458838
jordan,0.33788556968039063
journal,0.2758494705765841
journalist,0.40626150048916915
judg,1.3815102431632313
juggalo,0.39321063396014205
juli,0.4291434709515389
jumbotron,0.2301377928490736
juno,0.27633682961177713
jupit,0.27633682961177713
just,2.603982862173432
justifi,0.3598334441799712
justin,0.38900302038941315
kain,0.5851960576883928
kany,0.412887535995196
kasich,0.39461259796046166
kc,0.3421809120517913
keep,1.4644951726783473
keeper,0.3924619912476045
kelli,0.2351685892209701
kellyann,0.3576042990371342
kerri,0.27014948110775
kevin,0.34511909299084126
key,0.4031631679020844
keyword,0.2947932120479112
khalifa,0.34180623755657197
kick,0.9254534419120648
kid,1.10110981729914
kidnap,0.4776841854032662
kill,3.108774116106008
kim,1.1004014381458838
kindergarten,0.14275830820756966
king,0.37473405457650083
kingdom,0.36889604268818393
kinki,0.3850285601598834
kirk,0.6811951500085202
kiss,0.41201341988669843
kitchen,0.39461259796046166
kitkat,0.41552065677536815
kitten,0.43332868859227097
knife,0.4393798143221492
knit,0.3843514540813964
know,1.7324559952969723
koala,0.4313567856855227
korea,2.040235541609211
korean,0.3012674794904032
la,0.30614996697118624
lab,0.34375159316077897
label,0.5085839772378584
labor,0.46707851178555254
labyrinth,0.20282353409903914
lack,0.33788556968039063
ladi,0.43510381874351933
lament,0.3678648762838122
lanc,0.29989202028018636
lancast,0.2966180400487654
land,1.1303046457454593
landscap,0.3197276042709733
languag,0.8645390750021958
laptop,0.3306387671990977
larg,0.27633682961177713
largest,0.2881555537571003
last,1.3429147491908708
late,0.2604810434900952
latest,0.4173494807533544
laugh,0.3812752636415792
launch,0.9529869359917678
launcher,0.2916183019144818
lavatori,0.4494440298195414
law,0.7005794976469478
lawmak,1.30481264008723
lawnmow,0.3714924645269553
lawsuit,0.3236946074717188
lawyer,0.29497568679603675
lazaru,0.2876589465882276
lead,0.6744154982222895
leader,0.28576006188232406
leak,0.695487143733642
learn,0.9364539183179661
leav,2.5486480104597637
lebanes,0.34180623755657197
lebron,0.31121096862774866
lee,0.33632722646302515
left,1.4383811270932607
leg,0.8812545954872585
legal,1.3861587327917984
legitim,0.30605983613077653
leprechaun,0.3238339154282883
less,0.9722630053861991
let,1.0207065650229834
level,0.32368077617262986
lgbt,0.28951677609599347
liabil,0.30614996697118624
libat,0.3843514540813964
liberti,0.14275830820756966
licens,1.067867013185171
lie,0.668541711230507
lieu,0.34758061869466966
life,4.799592598024481
lifespan,0.37707602762203246
lifetim,0.41552065677536815
lift,0.2978523581566017
light,0.8623205984832686
lightn,0.9051557604163969
like,3.5523274939765277
lil,0.3204956145285132
limb,0.28192188813825086
limit,0.2847694702636471
line,1.3297049547073219
lineup,0.2758494705765841
lion,0.7422778120411604
liquid,0.3682453277051559
liter,0.6252483337825174
literati,0.23594816415545702
litter,0.43332868859227097
littl,1.228615471445206
live,1.477049256544532
liverpool,0.2657044210747172
ll,0.2657044210747172
lo,0.34688526272870346
load,0.3336802722215506
loav,0.3165638550781686
lobbi,0.3386810211420915
local,1.1852408345938792
lockdown,0.34375159316077897
log,0.3479942917435611
logan,0.35910520637436755
lolli,0.41101312617052593
london,0.7608109913124559
long,1.4214784410455872
longer,0.9141794530093518
loogi,0.32368077617262986
look,2.518830275969192
lord,0.650759519888386
lose,2.058770288117068
loser,0.3490666537380319
loss,0.33385691176581095
lost,0.7903182206538177
lot,0.317892154988236
loud,0.27934907049869434
loudoun,0.3670988190598369
loui,0.9886816660985145
love,1.4028478440878738
lover,0.4344667576328128
lt,0.3050399417270753
lucki,0.3238339154282883
lunch,0.7246242243748212
luxuri,0.28897822514315763
lyric,0.3363265497226081
mac,0.7441501109742246
machin,0.2876589465882276
macklemor,0.38900302038941315
macron,0.3319485850684812
madden,0.2813593818864332
made,1.0413235054368057
magazin,0.3734626853633327
magic,0.40937881191960346
maguir,0.2903801344587544
mail,0.20150632082293374
major,0.5714399172584939
make,3.1216978008253697
mal,0.35686329248543475
male,0.3559827686477072
malibu,0.2616185084234168
mall,0.2588199197504602
mammal,0.4977411328483523
man,12.49400310882932
manafort,0.6142864896180831
manchest,0.32368077617262986
mandatori,0.35508170942941353
mani,0.7196904573365359
manuscript,0.23594816415545702
map,0.3528111351974872
marathon,0.6621428582818458
marc,0.3085950681496834
march,0.29748018194053993
margot,0.21208654019588413
mari,0.38545773840460074
marijuana,1.6386535658338328
marin,0.2657044210747172
marinara,0.31557379564824556
mark,0.31567902863926817
market,0.7515524151304029
marri,0.3661876376202293
marriag,0.38291473708380236
marvel,0.34181219023934406
marxism,0.40626150048916915
mascot,0.38891744525586003
mash,0.3085950681496834
massacr,0.9409172766000691
massiv,0.6009343813121538
master,0.19169575168341324
masterpiec,0.3421809120517913
mastiff,0.3374360964638408
masturb,0.2730219613613261
match,0.784272250300251
mate,0.3602119828665945
mater,0.28100498838045546
materi,0.3670988190598369
mattel,0.2616185084234168
may,1.8080401006492877
mayb,0.38099617808685593
mayhem,0.4210391466898121
mayor,0.6492603057241714
mccain,0.35563694456140404
mcconnel,0.2949144380374746
mcdonald,0.3920183631582826
mcferryfac,0.37796447300922725
mcfuck,0.37796447300922725
me,1.7413977387890407
mean,0.919412303655351
meant,0.2654474478152333
measl,0.39604016552756993
meat,1.2947972277212707
meatbal,0.9918038946333179
meatwav,0.4565010144844085
medalist,0.25942550932409675
medic,0.8956532703796004
mediev,0.3706896548989491
meet,1.635561115335736
meghan,0.3677499468591392
megyn,0.2351685892209701
melania,0.298377988201481
member,0.3808116733542546
meme,0.5715201237646481
memori,0.28780086962230667
men,0.8102858444079695
menstrual,0.4193508587640089
merced,0.36709395891624264
merrick,0.2949144380374746
messag,0.35957923320777874
meta,0.3691539525387586
metalhead,0.4323800088527545
metallica,0.3454865417453577
meth,0.6663023140930753
methvin,0.34544221663808156
metoo,0.34768747260485144
mexican,1.0127091711865688
mgm,0.30614996697118624
mi6,0.28764379943772045
mia,0.34180623755657197
michael,0.33788556968039063
michaelson,0.4023472192082709
microwav,0.27184247082749374
middl,0.6998389224542869
mideast,0.3528111351974872
might,0.4263461480598807
mike,0.5418034248889885
mile,1.1528799147843838
milit,0.35102725927245626
militari,0.2867013590655444
milk,0.5710210817048779
mill,0.3238339154282883
millenni,0.7678325100802994
million,0.5840500615767432
minc,0.4325661182259956
mind,0.2947421096900694
minist,1.0210251713564173
ministeri,0.3319485850684812
ministri,0.3891816648985404
minu,0.3664014419902401
minut,0.6691132700424733
mislead,0.3924619912476045
miss,0.9308312985891225
missi,0.34151771986334384
missil,0.3648022080267944
missouri,0.6363820670237501
mistak,0.7816652642588144
mistaken,0.37418664498638143
mistakenli,0.7071065168577375
mistook,0.3197276042709733
mitch,0.2949144380374746
mix,0.31443712562545134
miyazaki,0.36811881960491144
mlb,0.7285979669465349
mock,0.3145579408377336
mode,0.31911529351865164
moder,0.2922374924596825
modern,0.5943133414836845
modifi,0.3099626925364159
mom,1.311602441115747
money,0.5374103731910691
monitor,0.27014948110775
monkey,0.5585001454626914
monogram,0.3846009048938093
monsanto,0.34375159316077897
monster,0.3759019294703175
month,1.2609281477539138
monument,0.34151771986334384
moon,0.3541699129162968
moonlight,0.44313778821633265
more,2.446200322746617
morn,0.646523999558476
morrison,0.40001591100806666
most,1.4818769966048901
motel,0.30304199923010355
mother,0.36345387497084464
motor,0.6277079681405674
motorist,0.3753678968501403
mous,0.42108117815592405
mouth,0.9492868589192841
move,0.8226420888494616
movi,0.6266986613061115
mph,0.6612681499268851
mr,0.2947421096900694
mt,0.322438371135956
much,0.5476456512269751
mud,0.3070776286450058
mueller,0.536534658836286
mugshot,0.36876162859328415
munich,0.4230076451808331
murder,1.5957130005167073
museum,0.5437146271826566
music,0.5263629248023428
musician,0.8518653656806658
musk,0.3608607707823029
muslim,0.9848143274441719
must,0.8112970195135413
my,2.05275446657385
myer,0.5418034248889885
myth,0.41415995699454505
na,0.24386946796740264
nag,0.35142904996901264
name,1.7726049628645852
nanni,0.3639282276549208
narrowli,0.7116811891526749
nasa,0.8692789940298484
nascar,0.2721490686950539
nation,1.8230796477981803
nato,0.33652101729614137
nearli,0.7363159399134755
necessari,0.31121096862774866
neck,0.3739745479625438
need,1.326472388478199
needl,0.40001591100806666
neighbor,0.42577244599819025
neighborhood,0.6630083040263967
neighbour,0.3840364143827103
nelson,0.27934907049869434
net,0.34393787573718715
netanyahu,0.7362471490618177
netflix,0.34768747260485144
netizen,0.34181219023934406
neutral,0.34393787573718715
never,1.0331531161712775
new,8.521178342069522
newli,0.29713996604879067
newlyw,0.14275830820756966
newsfeed,0.22100307103256642
next,1.7491715930652485
nfl,0.6176846679777153
nice,0.4450468590026485
niec,0.33058792071642096
night,1.227216335770024
nine,0.45307945596623656
ninja,0.33499030543634317
nj,0.3731120374834451
no,3.2908648284037523
noah,0.35277008234185153
nobl,0.31039924411484215
nobodi,0.2730219613613261
nocturn,0.4977411328483523
noncompli,0.3402226029885691
nonviol,0.3356949404736087
norman,0.7501643988355549
north,2.0895998845556285
northern,0.36068206312638046
norwegian,0.7569892750835827
nose,0.4182733964351047
nostalgia,0.27184247082749374
not,1.751415435713861
notic,0.19169575168341324
notr,0.3919330458822425
novλ,0.3368313935703527
now,1.6416318148486773
noxiou,0.31567902863926817
nra,0.5324547134962297
nsa,0.6960653719724889
nuclear,0.8968282157445755
nude,0.6852512697409903
nuke,0.3564419021137924
numb,0.33280568501458874
number,1.1422209784227773
nurs,0.6637604816845304
nyc,0.6105035608302127
nypd,0.4498840691950294
obama,2.197856214083724
obamacar,0.37707602762203246
occasion,0.14275830820756966
of,12.126374122122678
off,1.8702913092303066
offend,0.25927338384302456
offens,0.3541699129162968
offer,2.2964699765257888
offic,2.262986814720595
offici,1.2039912559858617
oh,0.4657996477185484
ohio,0.625325399687633
oklahoma,0.5156260623232428
oktoberfest,0.4210391466898121
old,3.891830987987872
oldest,0.323486495409337
oligarch,0.27014948110775
oliv,0.5324547134962297
olymp,0.9121605092421549
omaha,0.3752965143030092
omarosa,0.3161166046745571
omit,0.3528111351974872
on,6.2339015928949815
once,0.3187778912848808
one,4.281574336558881
onion,2.153010845949202
onli,0.9658058902345436
onlin,1.2624397733070065
onoway,0.39326103068965396
openli,0.32365298565888306
opinion,0.5878005016333074
oppon,0.2694244481271364
oppos,0.367750098818149
or,0.7590835177093322
orange,0.277217808492325
order,0.9026883056270292
oregon,0.6801605907651023
oreo,0.31443712562545134
organ,0.2856417188541681
orthodox,0.3923822154639209
oscar,0.21208654019588413
otaku,0.36811881960491144
other,0.6685572149456758
otherwis,0.2635095859481967
ottawa,0.3852801553743647
ounc,0.34838265704668103
our,0.6168378196130191
out,2.2928242571269237
outnumb,0.39321063396014205
outrag,0.38103817941436907
outsid,0.28764379943772045
oval,0.22315086580417104
over,1.6492224856401592
overal,0.3187778912848808
overdos,0.22100307103256642
overdose,0.22100307103256642
overfeed,0.3255576918383383
overr,0.2854223116891259
overwork,0.35926674657418906
owl,0.36754968573904856
own,0.8815598267976251
owner,1.2119143398884256
pacer,0.31121096862774866
padlock,0.28764379943772045
pagan,0.3809200056750615
paid,0.7937381161507637
pain,0.41201341988669843
paint,0.38900302038941315
pair,0.391277499118403
palestin,0.40250669116662746
panda,0.3667910484076922
pandemonium,0.394184207152238
panel,0.35686329248543475
pansi,0.3926379529948718
pant,0.2957724599059986
panti,0.44193260947283886
papa,0.36703557896918165
paper,0.624700069230162
paramount,0.41010814368377113
paranorm,0.31945645451671434
parasit,0.30973298464680415
parent,3.0055955373883387
park,1.2555050230391738
parkland,0.4494440298195414
parrot,0.4251380085273202
part,0.9300933453261069
parti,0.3843514540813964
particip,0.2588199197504602
particular,0.28312569975808294
particularli,0.28155982444100625
pass,1.6843079590000514
passeng,0.2914984273446363
passion,0.28439796470393763
pastafarian,0.4276665323529534
pat,0.3434259826467564
patagonia,0.2765566332319506
patent,0.3858616962841898
patern,0.37473405457650083
path,0.2870602584269792
patient,0.28780086962230667
patrick,0.3050399417270753
patriot,0.7829444079948616
paul,1.2601645847068277
pay,1.8422528374804459
paypal,0.34214640665439966
pc,0.21690433040108525
peac,0.34236006737323005
peacock,0.22315086580417104
peanut,0.6972854646282733
pedophil,0.6215416453231912
pedophilia,0.28708825343646893
pelt,0.3165638550781686
penguin,0.38354618758433257
peni,1.6987019715275293
pennsylvania,0.43510381874351933
pentagon,0.30286549770187915
peopl,2.9623331185913053
per,0.2856417188541681
percent,0.3238339154282883
perform,0.2765566332319506
period,0.2664690566060234
person,0.6228932479413474
pet,0.6499351638563121
peter,0.3891816648985404
petit,0.34151771986334384
pheromon,0.31567902863926817
phoenix,0.35076589145150583
phone,0.9022982625415007
phoni,0.2867013590655444
photo,1.427860837229673
photograph,1.0572691051150596
pick,0.3187778912848808
pictur,0.5269674450642376
piec,0.6102295237572033
pig,0.3255576918383383
pile,0.3085950681496834
pill,0.7010404140252798
pillow,0.34748819294664834
pilot,0.6847255458234367
pink,0.39326103068965396
pinterest,0.36876162859328415
pipelin,0.6821753696432322
pirat,0.3306387671990977
piss,0.38855983201568295
pistol,0.3459515845191307
pitch,0.27633682961177713
pitchfork,0.2854223116891259
pittsburgh,0.38354618758433257
pizza,0.6153080525174734
place,0.3878814810074998
placement,0.6493949386512786
plan,1.8252698204504372
plane,0.33639253592443996
plant,0.29713996604879067
plastic,0.398329482586621
plate,0.38878363945514405
play,1.9901762722066878
player,2.060973613174872
plot,0.32152870808673656
pm,0.32621230501222565
pod,0.40619056623366684
point,1.3110207698239664
pokémon,0.9503610483176541
pole,0.40243765255104313
polic,5.716601179116444
polit,0.5971981570937334
poll,0.8455448252131705
polygamist,0.33499030543634317
pooh,0.3306387671990977
pool,0.6901159644926015
poop,0.36962294592316663
poor,1.1807823269304358
pop,0.3564419021137924
pope,0.33742832525163075
popey,0.30242298068453344
porch,0.3007102844448494
porn,0.6956712807648562
pornographi,0.3643209068261546
portland,0.3402226029885691
possess,0.34544221663808156
possibl,0.6353979736593127
post,0.6399017757490365
pot,0.3752965143030092
potato,0.3085950681496834
potter,0.3376070949736617
pound,0.6146156442351755
pour,0.26001188253508395
poverti,0.3550888027756325
pow,0.3415711092284305
powder,0.3079318420246793
power,0.800469880629464
powerbal,0.3550888027756325
practic,0.3443044693556034
prayer,0.47120029172679967
predat,0.3718931692644545
predict,0.4313567856855227
prefer,0.3528111351974872
pregnanc,0.3667910484076922
pregnant,1.5675502379987345
prepar,0.34707796355818427
present,0.7590476794368737
presid,2.3540844905017533
presidenti,0.41111509145767317
pressur,0.6124591574271826
pretend,0.35204911378198134
pretti,0.28155982444100625
prevent,0.606310400196161
pric,0.42595191169621527
price,0.5896646347347722
priest,0.9860528243888553
prime,0.352757652567884
prison,0.7689145542812077
privaci,0.3812752636415792
privat,0.5182412612326444
privileg,0.39704846362068996
pro,1.0004262983161094
probabl,1.2481202286631579
probat,0.3878814810074998
probe,0.27633682961177713
problem,0.36811881960491144
proce,0.36345387497084464
produc,0.25087277765304866
product,1.2169690091511554
program,0.5557227288387279
project,0.36366444833053463
promis,0.30528844585684767
promptli,0.4187565350250835
propos,0.9483961019724139
prosecut,0.7204092391655906
prosecutor,0.35926674657418906
prostat,0.323486495409337
protect,0.6093069284515535
protest,1.711353851572267
prove,0.34236006737323005
provid,0.879341671691058
ptsd,0.39318121168174675
puberti,0.5016748183938304
public,0.8091888295650158
puck,0.2903801344587544
puerto,0.3582248566816902
pulitz,0.3265650238001709
pull,1.5599896331790086
pump,0.3459515845191307
punch,0.5881959919303339
punk,0.2604810434900952
pupil,0.4305410934156883
puppi,0.6890494391391431
purpos,0.38926300121406043
purs,0.39423619421867284
push,0.28708825343646893
put,1.719709624293622
putin,0.3668984265450242
puzzl,0.39326103068965396
python,0.4030148271932958
qatar,0.38891744525586003
qdjtdm,0.40329839721716954
quadrillion,0.34214640665439966
qual,0.2758494705765841
queen,0.3783009735581826
question,0.6087662942048411
quit,0.4669931945584666
quot,0.38099617808685593
rabbi,0.3678648762838122
rabbit,0.7457630244820355
race,1.617672493018437
radic,0.6778576711395679
rae,0.3363265497226081
rag,0.3846009048938093
rage,0.35142904996901264
raid,0.6358174119168888
rail,0.4668560107508109
rain,0.34688526272870346
rais,1.2265776151406602
ralli,0.7114744418783021
ram,0.2951589825213128
rape,0.7791399493852513
rash,0.48059915230608663
rat,0.7119901541202156
rate,0.6580176307672846
rather,0.3863838425144647
rave,0.22100307103256642
re,1.338228076815236
react,0.3858616962841898
read,0.22100307103256642
reader,0.2854223116891259
readi,0.2437323187577651
readili,0.39527733578811003
real,1.288983763394704
realiz,0.8494584480803388
realli,0.7273147840593032
ream,0.321504641256092
reappear,0.3661876376202293
reason,0.6395625770282534
reboot,0.24386946796740264
recal,0.959502336018061
receiv,0.6437027187810789
recklessli,0.37707602762203246
recoveri,0.2664690566060234
recruit,0.30379414132928795
rectum,0.3365305070785668
recycl,0.41917851821896884
reduc,0.3734806156587519
reel,0.3661876376202293
refer,1.0482431609777465
refere,0.3204956145285132
reflect,0.29989202028018636
reformat,0.38438576595957813
refresh,0.14275830820756966
refuge,0.3576042990371342
refus,1.6806262050078078
regist,0.25927338384302456
regret,0.6132649582657111
regular,0.46837497977604536
rehir,0.28708825343646893
reilli,0.4173494807533544
reintroduc,0.39604016552756993
reject,0.38878363945514405
rejoic,0.4110480835268929
relationship,0.34424059940919916
releas,1.1363939392872258
relianc,0.3421809120517913
relief,0.2437323187577651
religi,0.6093300263031678
religion,0.6783044558423039
remain,0.2947932120479112
remark,0.30605983613077653
rematch,0.3323305367257978
remind,0.2793188405334975
remov,1.2633759134389522
rent,0.2941786959897014
rep,0.30605983613077653
repair,0.4776841854032662
replac,0.865228099387163
replica,0.3228085306198493
report,3.8537695241735723
repositori,0.331433549892662
republ,0.3300739315374728
republican,1.064392172493061
requir,1.1456345954561638
research,1.1717869799249712
resid,1.0354041549429298
resign,0.3541699129162968
resolut,0.39960702553720473
resort,0.30614996697118624
respect,0.3358881406681791
respons,0.2922374924596825
rest,0.28439796470393763
restaur,0.99081264974861
result,0.9377590411618792
resumé,0.2947932120479112
resurrect,0.3701800614193654
retir,0.4284910370697621
retreat,0.2903301627483838
retriev,0.3654448637757322
return,0.5748987498433309
reveal,1.2184794752021741
revenu,0.29460743328849953
review,0.7445701068360343
rica,0.39604016552756993
rican,0.3582248566816902
richard,0.48689947709163744
richest,0.34214640665439966
riddl,0.4130170967376122
ridicul,0.38545773840460074
riff,0.3454865417453577
riggleman,0.35402327668451916
right,1.8385841159960041
rightli,0.4243888864000782
ring,0.613762309575004
rip,0.22209127572870443
rise,0.6690081225385567
risk,0.3643209068261546
rival,0.3236946074717188
river,0.7321413519712425
road,0.3978865096195528
roam,0.2881555537571003
rob,0.9657240372457927
robbi,0.21208654019588413
robert,0.536534658836286
robertson,0.3434259826467564
robo,0.20282353409903914
rochest,0.3538976703752602
rock,0.516596938219744
rod,0.39960702553720473
rodeo,0.44193260947283886
roger,0.2301377928490736
roll,0.2704349002993264
romanian,0.3928076049617282
romant,0.34424059940919916
romney,0.33693304491930864
ron,0.5240051379042427
ronan,0.21208654019588413
roof,0.3919330458822425
root,0.3613960325401343
rose,0.3382668000250491
rosenstein,0.39960702553720473
round,0.33733587808323734
routin,0.405591712775241
rowdi,0.3285491130469319
royal,0.2657044210747172
rudi,0.3846754780353433
rule,0.9983883935762919
run,0.9769202101280785
runner,0.389289670707701
runway,0.2978523581566017
rush,0.34707796355818427
russel,0.3099626925364159
russia,0.7625844352088942
russian,0.6225387863266708
sack,0.7214050789590974
sad,0.34862092516063753
safe,0.2616185084234168
safest,0.30852454761825965
safeti,1.5168305075903386
said,1.0655564212186932
sailor,0.2793188405334975
salad,0.4391854493558015
sale,0.9258603332890358
saling,0.23594816415545702
salmon,0.33385691176581095
same,0.21208654019588413
sampl,0.45954839505533585
san,0.6230204537267384
sandwich,0.6028643027995045
santa,0.4703371784419402
saoirs,0.21208654019588413
sat,0.25499075881157474
satan,1.1203016560723784
satisfi,0.34424059940919916
saudi,0.7692252944521318
save,1.751205483848959
say,7.440249047195212
scalia,0.35112012770038514
scam,0.8231065591836646
scammer,0.5052946164313601
scandal,0.32999344112962575
scare,0.41643747468195225
scene,1.1379832368492306
scent,0.38855983201568295
schedul,0.6322584710162855
school,5.24454323711085
scienc,0.7257463244749758
scientist,0.9287005326579463
scoot,0.797549520897936
scottish,0.3070776286450058
scrambl,0.27014948110775
scrawl,0.31945645451671434
scream,1.1640185745582061
screenplay,0.20282353409903914
script,0.2758494705765841
scroll,0.3595480388016591
scrotum,0.5165445295262214
seahawk,0.3099626925364159
seal,0.2301377928490736
sean,0.2941786959897014
search,1.1958007532459836
season,0.6296715471226346
seclud,0.2903301627483838
second,1.2093315772503783
secret,0.31567902863926817
secretari,0.6220558581700779
secretli,0.30304199923010355
secur,0.30379414132928795
seduct,0.7474084061958708
see,1.112568212789479
seeing,0.3654448637757322
seem,0.2966180400487654
seen,0.30304199923010355
seiz,0.8575775118519464
self,1.3918492522306716
selfi,1.0789528112827813
selfish,0.25942550932409675
sell,0.716825190760877
senat,1.2423941382858377
senior,0.6910043367848022
sequenc,0.27014948110775
serb,0.36068206312638046
serenad,0.3783009735581826
serious,0.6635292542789188
serv,0.4642918633800615
servant,0.22209127572870443
servic,0.6160751700883834
servicememb,0.30286549770187915
session,0.35151828908696525
set,1.0740741027638296
setback,0.5430488655950332
sever,0.2949144380374746
sex,4.290973814863881
sexi,0.2722749491736017
sexier,0.4027363112338014
sexu,0.3602119828665945
sexual,1.429415523689409
shade,0.36854715734924515
shaggi,0.3783009735581826
shape,0.23594816415545702
shapeshift,0.4806110804429602
share,0.9160576496460622
shark,0.28897822514315763
shatter,0.34375159316077897
shave,0.48059915230608663
she,1.4326879691894416
sheep,0.7073806074608087
sheriff,0.39683660645766267
shi,0.7670825274916474
shill,0.2694244481271364
ship,0.3582248566816902
shit,0.6854098014479393
shithead,0.41788849176041154
shoe,0.3923400028970203
shoot,3.1738946584329213
shop,1.3078704403581196
shoplift,0.3924619912476045
shopper,0.6671176254143907
shortlist,0.35112012770038514
shot,2.37425539360723
should,1.6968199031291993
shouldn,0.6270288904540526
shove,0.3167943846288635
shovel,0.3840364143827103
show,2.645332700886041
shower,0.5695389405272941
shrill,0.24386946796740264
shrug,0.3984683570008594
shut,0.3734626853633327
sick,0.6853620644506906
side,1.102226486291947
sigh,0.3335944972731567
sight,0.3636334082703114
sign,1.0346625287562257
signal,0.295613464095262
silenc,0.2813593818864332
silver,0.2876589465882276
sinc,0.9065065243663298
singaporean,0.2847694702636471
singer,0.3165638550781686
singl,1.0763458551042366
sink,0.26001188253508395
sir,0.21690433040108525
sistin,0.33742832525163075
sit,0.3668984265450242
site,0.7212793199826957
six,0.6792162643607893
sixth,0.2926412014114207
skill,0.4193508587640089
skin,0.22209127572870443
skyscrap,0.36366444833053463
slash,0.6177691103294212
slay,0.3840364143827103
sleep,0.40182971731604655
slide,0.21690433040108525
slightli,0.35151828908696525
sling,0.3070776286450058
slowli,0.3926379529948718
slur,0.3739745479625438
slut,0.331433549892662
small,0.2870602584269792
smash,0.3165638550781686
smith,0.2903301627483838
smuggl,0.9831634723949694
smuggler,0.39942133892933224
snake,0.9870123007730811
snapchat,0.3402699121426296
snapper,0.3187778912848808
snif,0.34838265704668103
sniper,0.3050399417270753
snore,0.385431120352308
snow,0.637128574688576
snowden,0.4624231133553691
so,1.4594003161175269
soap,0.47955223189829194
societi,0.3421809120517913
socrat,0.2694244481271364
soda,0.3692764166303913
soft,0.33788556968039063
sold,0.7061843260945793
solo,0.20150632082293374
solut,0.2635095859481967
solv,0.4130170967376122
somali,0.3579406633596323
somalia,0.3579406633596323
some,1.0554773638484012
somehow,0.277217808492325
someth,0.5779776714465339
son,2.138880655703811
song,0.2704349002993264
soon,0.6529471683551522
sorri,0.6348956173418765
sort,0.2437323187577651
soul,0.7594348673420137
sour,0.40619056623366684
sourc,1.5323021882104335
south,1.1721511120212247
soviet,0.2813593818864332
soy,0.34087012615967366
space,1.1932303591705145
spaciou,0.40243765255104313
spaghetti,0.3759019294703175
spanish,0.7041895403186647
spank,0.4305410934156883
spazosauru,0.2881555537571003
speak,0.8553767924959468
speaker,0.6864071567342125
special,0.2765566332319506
specimen,0.2997103175273714
speed,1.63284370496345
spell,0.3739745479625438
spencer,0.28576006188232406
spend,1.7792485348517595
sperm,0.3852801553743647
spi,0.9478249892615451
spike,0.39924449957572683
spill,0.2936194227263961
spirit,0.4309940379356218
split,0.3762107863700289
spontan,0.4926519926488638
spot,0.3987111598983276
spray,0.36962294592316663
spring,0.34707796355818427
squeaki,0.27633682961177713
squid,0.2997103175273714
st,0.9341068285993369
stab,1.7648576646171406
stadium,0.4935878821988078
staff,0.6538300897057368
stage,0.3145579408377336
stair,0.6260603005541259
stand,0.4344667576328128
star,1.2689611807732781
stare,0.8697453029581264
starship,0.3285491130469319
start,1.043532056388829
starv,0.29498395856191195
stash,0.41917851821896884
stat,0.2941786959897014
state,1.717937702524985
station,0.9005831634536199
statu,0.5703264625442865
stay,0.35563694456140404
steal,0.6620425637146437
steam,0.2916183019144818
stephani,0.367750098818149
stephen,0.2903301627483838
steve,0.6593197143012758
still,3.0512129419573957
stole,0.3805622084070952
stolen,0.8157052288412079
stone,0.323486495409337
stop,2.2783547977148593
store,1.673191658311648
stori,0.9046470667427798
strain,0.41111509145767317
stranger,0.27184247082749374
straw,0.398329482586621
streak,0.2758494705765841
street,0.3538976703752602
strict,0.3978865096195528
strike,0.8829052295111708
strip,0.39650984843355846
strong,0.2876589465882276
struck,0.9051557604163969
struggl,0.6970334488062991
student,2.933783709043359
studi,3.289643942561395
su,0.6625223130558193
subtl,0.2846461239903815
subway,0.31557379564824556
success,0.851234152286362
suck,0.2654474478152333
suction,0.2731501650528957
suddenli,0.2301377928490736
sue,0.861695148028889
suffer,0.2657044210747172
suggest,1.2571146455260573
suicid,0.9414789941241947
summer,0.6314374082849423
super,0.2924320639122033
supermarket,0.35204911378198134
suppli,0.7274874577394645
support,0.834324373377878
sure,0.295613464095262
surf,0.3849536563442342
surg,0.6650238154783804
surgeon,0.2657044210747172
surpris,0.4677785882266005
surrend,0.4187565350250835
surviv,0.630262970261138
survivor,0.322438371135956
suspect,1.1774707287336308
suspend,1.031848014561688
suspens,0.3731120374834451
suv,0.2978523581566017
swan,0.5773502691896258
sweden,0.8737367237908744
swedish,0.8155525455408678
sweepstak,0.2588199197504602
swim,1.164691570259615
swing,0.3602119828665945
swiss,0.22100307103256642
switzerland,0.22100307103256642
swoop,0.36754968573904856
syria,0.34758061869466966
system,0.30379414132928795
tablet,0.31039924411484215
tackl,0.3099626925364159
taco,0.7071067811865476
taho,0.4243888864000782
take,2.671042871538749
taken,0.31224848425094254
talk,1.0078240161581786
tampon,0.35686329248543475
tap,0.39326103068965396
tape,0.3161166046745571
target,0.36854715734924515
tase,0.3878814810074998
taser,0.36907028970729916
task,0.2635095859481967
tattoo,0.6010655355567183
taunt,0.27014948110775
tax,0.683635109379359
taxpay,0.2951589825213128
tea,0.3587017855799317
teach,0.31402524191851383
teacher,3.0025211748191447
team,0.3863838425144647
teammat,0.31121096862774866
tear,0.33652101729614137
technolog,0.22209127572870443
ted,0.6311604140300171
teddi,0.45446828852730325
teen,1.0467515333042172
teeth,0.352546861617222
telegraph,0.40243765255104313
telemundo,0.2758494705765841
telescop,0.6749520742733094
tell,0.8847535163756858
templ,0.3712044561406281
tenant,0.2941786959897014
tenni,0.40466043200389573
tenur,0.3668463122899239
term,0.543059669818571
termin,0.3271561664054543
terrifi,0.36754968573904856
terror,0.733682006711579
terrorist,0.385431120352308
tesla,0.3608607707823029
test,3.1533046581739903
texa,0.9149903278405813
text,0.35957923320777874
thailand,0.34591603750915184
than,2.229381143465823
thank,0.33851487555174903
that,3.3137211408294136
the,12.423343439997307
theater,0.317892154988236
theft,0.8516946325342243
their,2.6088844654244854
them,0.80935716220415
theme,0.38872515047805717
themselv,0.35910520637436755
then,1.1833675556715777
theori,0.2947421096900694
there,1.083697845303942
theresa,0.352757652567884
these,0.8477885079003268
they,2.344259886732101
thi,3.6438386890928647
thief,0.742733639119189
thiev,0.5819373815090931
thing,1.837743931553929
think,1.978946062327996
third,0.593676250911509
thoma,0.14275830820756966
though,0.6187273138184222
thought,0.36907028970729916
thousand,0.5974404360350756
threat,0.6199589868812063
threaten,0.6395071191632472
three,0.613586336671723
threesom,0.6791963933152851
throne,0.33731699257735553
through,1.3121086049283734
throw,0.7107883103362459
thrown,0.3682453277051559
thru,0.8077521435907322
thug,0.38872515047805717
tibetan,0.3374360964638408
ticket,1.305073720792979
tide,0.65007068088794
tidi,0.28283258886202006
tighten,0.3812752636415792
tim,0.8189377935628728
time,3.775544264711405
timer,0.2847694702636471
tip,1.1840685984113497
tirad,0.3165638550781686
tire,0.7429945350376675
to,14.991436352088131
tobey,0.2903801344587544
today,0.4115384019138749
todd,0.30605983613077653
toddler,0.42595191169621527
togeth,0.6814944837452787
toilet,1.0340280012837937
told,0.6315558588712218
tomato,0.34375159316077897
tomorrow,0.3211593326015857
too,0.3830946796024075
took,0.6632466445620244
top,0.8923975845450745
toronto,0.35508170942941353
touch,0.7062850256378136
tour,0.31446101843473073
tourism,0.3643170864539778
tourist,0.6673607757771274
tournament,0.4180889704745874
toward,0.28708825343646893
tower,0.5608510110796319
town,1.2948081368672644
toy,1.222020368863017
track,1.047477087111446
trail,0.4033553453292873
train,1.3595447565153858
trainor,0.3677499468591392
tranquil,0.2903301627483838
tranquilis,0.4525268567537921
transcontinent,0.28897822514315763
transform,0.41010814368377113
translat,0.36889604268818393
transmiss,0.27633682961177713
transsexu,0.35112012770038514
trash,0.8349326340740458
travel,0.8826590635718327
tread,0.3360984781640486
treat,1.2836444914511178
treatment,0.9681869588133156
tree,0.6760802563359193
trek,0.3794696992858906
trespass,0.4498840691950294
tri,2.641270913222088
trigger,0.34688526272870346
tripl,0.2941786959897014
troll,0.35102725927245626
trouser,0.2957724599059986
truck,0.3714924645269553
true,0.29497568679603675
trump,3.261246623833261
trunk,0.23241863429309478
tuition,0.2924320639122033
tummi,0.43510381874351933
turkish,0.7212418620163465
turn,1.8419545388733942
tv,0.6014205688896987
tweet,1.2163110550425429
twitter,0.8730320738048303
two,1.2727319652302755
tx,0.3636334082703114
tyrant,0.14275830820756966
ucla,0.4263461480598807
uganda,0.391277499118403
ugandan,0.40250669116662746
uk,0.28764379943772045
ukrain,0.3468318977039663
ultrawealthi,0.33693304491930864
ultron,0.4596581929357111
un,1.8595852048908366
unabl,0.30379414132928795
unappreci,0.2730219613613261
unarm,0.3598334441799712
unclear,0.35563694456140404
uncov,0.2694244481271364
undermin,0.38103817941436907
underr,0.2854223116891259
understand,0.38469101295292885
unemploy,0.3928076049617282
unexpect,0.32078601152534963
unfortun,0.5447349955706373
unguard,0.3079318420246793
uninspir,0.33731699257735553
unit,1.1142202318015801
univers,0.42735558545356367
unknowingli,0.4189592046096961
unless,0.2951589825213128
unlimit,0.31039924411484215
unpublish,0.23594816415545702
unsur,0.34013525604312506
until,0.7160249895796735
unvaccin,0.39604016552756993
unveil,1.340301619350847
up,2.6434772887845246
updat,0.8246757475690932
upper,0.32368077617262986
upsid,0.2748443142210818
urin,0.3319485850684812
us,1.9984553502724889
usda,0.33385691176581095
use,2.749358502492023
user,1.1081610333258722
utah,0.6500907071988993
vacat,0.35926674657418906
van,0.37471056511680323
vanish,0.794687823454468
vcr,0.41917851821896884
ve,0.28283258886202006
vega,0.30614996697118624
veget,0.28312569975808294
vehicl,0.3805622084070952
venezuela,0.4290240716473235
vera,0.39423619421867284
veri,0.5445498983472034
verifi,0.39752755823211466
veteran,0.39318121168174675
via,0.7195745443363881
viabl,0.2635095859481967
vice,0.34641606527648466
victim,1.5649609217837752
video,1.107522241819926
view,0.3368313935703527
vigilant,0.4836456227527933
viol,0.3204956145285132
violat,0.8695969210942895
violent,0.34748819294664834
virgin,0.38545773840460074
virginia,0.5948280913140913
vision,0.2867013590655444
visit,0.40250669116662746
visitor,0.3374360964638408
vj,0.2793188405334975
volunt,0.29748018194053993
vote,0.6370293770979739
vow,1.0528951392994816
vowel,0.19169575168341324
vs,0.21690433040108525
vtech,0.40817478109444144
vulner,0.30379414132928795
wa,2.2429990346503654
wacken,0.4323800088527545
waferless,0.41552065677536815
waffl,0.4637163432411269
wahoo,0.29460743328849953
wait,0.877860353046704
wake,0.6182523061792996
walk,1.214417301090934
walmart,0.753587417326903
walt,0.2876589465882276
want,2.347561845104172
war,0.6411433822509486
warf,0.37796447300922725
warn,1.584922619514719
washer,0.368934859935256
washington,0.31224848425094254
washpost,0.3265650238001709
wasn,0.2664690566060234
wast,0.37496525905044814
watch,1.1941386568992263
water,1.743875844713247
way,1.817517005841649
wayn,0.3204956145285132
waynesboro,0.48059915230608663
we,1.9121498797495762
weak,0.29748018194053993
wealthi,0.47388509602271794
wean,0.27184247082749374
weapon,0.6893146241309354
wear,1.1533998340577054
wearer,0.2765566332319506
wearhous,0.2957724599059986
websit,0.3228085306198493
wed,0.9632066632280882
wedgi,0.5156260623232428
wednesday,0.3368313935703527
weed,0.716675750670783
week,1.7341049721370347
weekend,0.28439796470393763
weight,0.33385691176581095
weird,0.2947421096900694
welcom,0.28283258886202006
went,0.28192188813825086
were,0.5344827665366337
west,1.2457987692152723
wetback,0.3636334082703114
what,2.739990952139954
whatsoev,0.30772466322245773
wheelchair,0.3714924645269553
when,1.639638495403719
where,0.9002996554220037
whether,0.2850199632819978
whi,0.2922374924596825
while,1.381416217851858
whistl,0.2846461239903815
white,2.2156244754793435
whiteboard,0.4633028649060669
whitesnak,0.5673680224987454
who,3.6954039733428394
whose,0.4181243174189439
wick,0.38855983201568295
wid,0.28708825343646893
wif,0.39683660645766267
wife,2.0758772602466182
wild,0.3849536563442342
will,2.4038348771082227
willamett,0.4277462603983164
willi,0.27934907049869434
wilson,0.3099626925364159
win,2.4799948610254496
wind,0.3595480388016591
window,0.6212150607737756
wing,0.33259155806720797
winner,0.2997103175273714
winni,0.3306387671990977
wipe,0.40060585408143157
wish,0.280828269839309
wit,0.9209896627609773
with,5.409479746474915
within,0.25927338384302456
without,0.9978650611103695
wizard,0.37278544134250896
wo,0.9138225245833688
woke,0.634000277883809
wolf,0.3678702387712473
wolfgang,0.2903801344587544
wolv,0.34236006737323005
woman,5.36753526116072
womb,0.428708380639342
women,2.7955170455152056
wonder,0.29498395856191195
word,0.6349082904530106
wore,0.21208654019588413
work,2.0194289096087856
workday,0.4821341816010959
worker,0.7850272366071049
world,1.2273488550037714
worri,0.28576006188232406
wors,0.408140169022794
worshipp,0.14275830820756966
worst,0.3664014419902401
worth,0.2437323187577651
would,1.4251671900477896
wrangler,0.2588199197504602
wrap,0.3211593326015857
wright,0.25499075881157474
write,0.5988614851671485
written,0.42675294195820057
wrong,1.5960534473395362
wrote,0.39683660645766267
wta,0.40466043200389573
xbox,0.3711659881934888
xpost,0.28192188813825086
yakuza,0.2616185084234168
year,5.659075851575471
yeezu,0.2854223116891259
yell,0.19169575168341324
yemen,0.4357193597593335
yesterday,0.4617855487365851
yoda,0.20150632082293374
york,0.398565430355571
yorker,0.33376100131239245
you,2.782443693128041
young,0.7361406888381138
your,1.1671263447746396
yourself,0.27184247082749374
zach,0.3468318977039663
zealand,0.7149274750383503
zebra,0.41472291831421426
zero,0.3718931692644545
zip,0.28764379943772045
zoo,0.6665114778319321
zookeep,0.4525268567537921
zoroastrian,0.44306079510365626
